{
    "FSAll_cdf": {
        "acc": 0.8735456015251909,
        "auc": 0.9192975936445131,
        "eer": 0.1526690391459075,
        "ap": 0.9711703044432054,
        "video_auc": 0.9745023581634068
    },
    "model": "srm",
    "elapsed_seconds": 1089.1447620391846,
    "frames_per_video_test": 32
}