{
    "EFSAll_cdf": {
        "acc": 0.915838205273122,
        "auc": 0.9637757760686998,
        "eer": 0.10587188612099645,
        "ap": 0.992176361788183,
        "video_auc": 0.9996281057129293
    },
    "model": "srm",
    "elapsed_seconds": 1650.7587890625,
    "frames_per_video_test": 32
}