{
    "FSAll_cdf": {
        "acc": 0.8694288945169761,
        "auc": 0.9376198730415503,
        "eer": 0.13256227758007116,
        "ap": 0.9782701662292036,
        "video_auc": 0.976123595505618
    },
    "model": "spsl",
    "elapsed_seconds": 449.301611661911,
    "frames_per_video_test": 32
}