{
    "FSAll_cdf": {
        "acc": 0.8729615057521751,
        "auc": 0.9261105835096042,
        "eer": 0.14412811387900357,
        "ap": 0.971892567272358,
        "video_auc": 0.9497329726730476
    },
    "model": "recce",
    "elapsed_seconds": 934.804888010025,
    "frames_per_video_test": 32
}