{
    "EFSAll_cdf": {
        "acc": 0.5433934643429599,
        "auc": 0.7299588084805,
        "eer": 0.3270462633451957,
        "ap": 0.9255732522941755,
        "video_auc": 0.9090362399113785
    },
    "model": "ucf",
    "weights_path": "training/deepfakebench_weights/train_on_ff-orig/ucf_best.pth",
    "train_dataset": "ff_ff",
    "elapsed_seconds": 1233.0666437149048,
    "frames_per_video_test": 32
}