{
    "FRAll_cdf": {
        "acc": 0.7939859038570765,
        "auc": 0.8203263718870605,
        "eer": 0.24786476868327403,
        "ap": 0.9342825978862912,
        "video_auc": 0.7291571896465452
    }
}