{
    "FRAll_cdf": {
        "acc": 0.5232271364791885,
        "auc": 0.533045247027487,
        "eer": 0.48273431994362226,
        "ap": 0.7920696474713023,
        "video_auc": 0.5201235045262248
    },
    "model": "effort",
    "weights_path": "training/deepfakebench_weights/train_on_chameleon/effort_chameleon_best.pth",
    "train_dataset": "chameleon_ff",
    "elapsed_seconds": 1397.0947742462158,
    "frames_per_video_test": 8
}