{
    "FRAll_cdf": {
        "acc": 0.807756105746889,
        "auc": 0.8460446262716924,
        "eer": 0.2297153024911032,
        "ap": 0.9469867907426475,
        "video_auc": 0.7799435927762361
    },
    "model": "spsl",
    "weights_path": "training/df40_weights/train_on_df40-fr-ff/spsl.pth",
    "train_dataset": "df40_ff",
    "elapsed_seconds": 652.0518164634705,
    "frames_per_video_test": 32
}