{
    "FSAll_cdf": {
        "acc": 0.7642916553741483,
        "auc": 0.9440463302619841,
        "eer": 0.12117437722419928,
        "ap": 0.9802534784596328,
        "video_auc": 0.921547718130115
    },
    "model": "clip_large",
    "frames_per_video_test": 32
}