{
    "FSAll_cdf": {
        "acc": 0.7643690939410783,
        "auc": 0.9423230268884685,
        "eer": 0.1226215644820296,
        "ap": 0.9792531650026077,
        "video_auc": 0.9212702871410735
    },
    "model": "clip_large",
    "frames_per_video_test": 8
}