{
    "FRAll_cdf": {
        "acc": 0.8087629730985697,
        "auc": 0.875322349993964,
        "eer": 0.20409252669039146,
        "ap": 0.9546101586397656,
        "video_auc": 0.8034930400764227
    },
    "model": "rfm",
    "elapsed_seconds": 646.5452404022217,
    "frames_per_video_test": 32
}