{
    "EFSAll_cdf": {
        "acc": 0.8267975057272716,
        "auc": 0.8575538092855031,
        "eer": 0.20507399577167018,
        "ap": 0.9566407655078515,
        "video_auc": 0.7255736667194177
    },
    "model": "clip_large",
    "frames_per_video_test": 8
}