{
    "FSAll_cdf": {
        "acc": 0.7778940777361383,
        "auc": 0.7545956112768171,
        "eer": 0.30302491103202844,
        "ap": 0.8843385847172358,
        "video_auc": 0.7202888750173394
    },
    "model": "xception",
    "frames_per_video_test": 32

}