{
    "FRAll_cdf": {
        "acc": 0.8427819340537545,
        "auc": 0.9414091034591566,
        "eer": 0.14191919191919192,
        "ap": 0.9804264010518307,
        "video_auc": 0.9414091034591566
    },
    "model": "i3d",
    "elapsed_seconds": 370.2979793548584,
    "frames_per_video_test": 32
}