{
    "FSAll_cdf": {
        "acc": 0.835887778847322,
        "auc": 0.939062666516211,
        "eer": 0.13274021352313167,
        "ap": 0.9760806596800811,
        "video_auc": 0.9304081703426272
    },
    "model": "rfm",
    "elapsed_seconds": 448.03913044929504,
    "frames_per_video_test": 32
}