{
    "FSAll_cdf": {
        "acc": 0.7663289814304272,
        "auc": 0.9151278536373706,
        "eer": 0.16494661921708184,
        "ap": 0.9714079297257229,
        "video_auc": 0.8906141628519906
    },
    "model": "clip_base",
    "weights_path": "training/df40_weights/train_on_df40-all-ff/clip.pth",
    "train_dataset": "df40_ff",
    "elapsed_seconds": 900.7670092582703,
    "frames_per_video_test": 32
}