{
    "EFSAll_cdf": {
        "acc": 0.923753756257856,
        "auc": 0.9813520664043456,
        "eer": 0.07277580071174378,
        "ap": 0.9956690480646921,
        "video_auc": 0.9999050482671309
    },
    "model": "rfm",
    "elapsed_seconds": 680.8457798957825,
    "frames_per_video_test": 32
}