{
    "FRAll_cdf": {
        "acc": 0.7855110222975451,
        "auc": 0.8956935020789453,
        "eer": 0.16913319238900634,
        "ap": 0.9535618027383996,
        "video_auc": 0.8686371286903516
    },
    "model": "clip_large",
    "frames_per_video_test": 8
}