{
    "EFSAll_cdf": {
        "acc": 0.901891022968378,
        "auc": 0.9738118219397645,
        "eer": 0.0887900355871886,
        "ap": 0.9942318085268149,
        "video_auc": 1.0
    },
    "model": "spsl",
    "elapsed_seconds": 686.3861854076385,
    "frames_per_video_test": 32
}