{
    "FRAll_cdf": {
        "acc": 0.8380395776320545,
        "auc": 0.8749378154129495,
        "eer": 0.21476868327402135,
        "ap": 0.9585079464305207,
        "video_auc": 0.7903806350361643
    },
    "model": "recce",
    "elapsed_seconds": 1349.934449672699,
    "frames_per_video_test": 32
}