{
    "FSAll_cdf": {
        "acc": 0.8317851846069784,
        "auc": 0.8958086949500423,
        "eer": 0.20303030303030303,
        "ap": 0.9619639785416976,
        "video_auc": 0.8958086949500423
    },
    "model": "i3d",
    "elapsed_seconds": 265.32814359664917,
    "frames_per_video_test": 32
}