{
    "EFSAll_cdf": {
        "acc": 0.8341378596819573,
        "auc": 0.6722486048120591,
        "eer": 0.3816725978647687,
        "ap": 0.8872305800096538,
        "video_auc": 0.5445007121379966,
        "model": "xception"
    }
}