{
    "FSAll_cdf": {
        "acc": 0.8735456015251909,
        "auc": 0.9192975936445131,
        "eer": 0.1526690391459075,
        "ap": 0.9711703044432054,
        "video_auc": 0.9745023581634068
    },
    "model": "srm",
    "weights_path": "training/df40_weights/train_on_df40-fs-ff/srm.pth",
    "train_dataset": "df40_ff",
    "elapsed_seconds": 1092.0507729053497,
    "frames_per_video_test": 32
}