{
    "FRAll_cdf": {
        "acc": 0.8100409201218568,
        "auc": 0.8621714127945949,
        "eer": 0.22704626334519573,
        "ap": 0.9574991242171862,
        "video_auc": 0.8050539052904516
    },
    "model": "srm",
    "elapsed_seconds": 1575.4136180877686,
    "frames_per_video_test": 32
}