{
    "FRAll_cdf": {
        "acc": 0.807756105746889,
        "auc": 0.8460446262716924,
        "eer": 0.2297153024911032,
        "ap": 0.9469867907426475,
        "video_auc": 0.7799435927762361
    },
    "model": "spsl",
    "elapsed_seconds": 650.5906407833099,
    "frames_per_video_test": 32
}