{
    "EFSAll_cdf": {
        "acc": 0.8304011624889719,
        "auc": 0.48964881769033564,
        "eer": 0.5393939393939394,
        "ap": 0.7836259228470771,
        "video_auc": 0.48964881769033564
    },
    "model": "i3d",
    "elapsed_seconds": 400.9030108451843,
    "frames_per_video_test": 32
}