{
    "EFSAll_cdf": {
        "acc": 0.9449216011464114,
        "auc": 0.9824109113733074,
        "eer": 0.06975088967971531,
        "ap": 0.9962521803605844,
        "video_auc": 0.9955610064883684
    },
    "model": "recce",
    "elapsed_seconds": 1428.4302814006805,
    "frames_per_video_test": 32
}